-- Bia Sell: Schema + Seed (banco zerado)
-- Fonte: doc/bia-sell.xlsx | Normalização: doc/relatorio-formatacao.md + doc/revisao.csv
--
-- Decisões de normalização:
--   • 192 pedidos (linha "Teste" ignorada conforme planilha)
--   • 17 datas sem ano → assumidas como 2025
--   • GRÁTIS → valor 0.00
--   • devolvido → status cancelado (observação preservada)
--   • status "t" → pendente (observação preservada)
--   • pix nubank / PIX - Banco Inter → pix
--   • pedidos sem cliente (nome vazio) → cliente_id NULL

-- 1. ENUMs
DO $$ BEGIN
  CREATE TYPE status_pedido AS ENUM ('pago', 'pendente', 'enviado', 'cancelado');
EXCEPTION WHEN duplicate_object THEN NULL; END $$;

DO $$ BEGIN
  CREATE TYPE forma_pagamento AS ENUM ('pix', 'cartao', 'dinheiro', 'transferencia');
EXCEPTION WHEN duplicate_object THEN NULL; END $$;

-- 2. Tabelas
CREATE TABLE IF NOT EXISTS produtos (
  id          UUID          DEFAULT gen_random_uuid() PRIMARY KEY,
  nome        TEXT          NOT NULL,
  preco       NUMERIC(10,2),
  descricao   TEXT,
  created_at  TIMESTAMPTZ   DEFAULT now()
);

CREATE TABLE IF NOT EXISTS clientes (
  id          UUID        DEFAULT gen_random_uuid() PRIMARY KEY,
  nome        TEXT        NOT NULL,
  instagram   TEXT,
  whatsapp    TEXT,
  endereco    TEXT,
  observacoes TEXT,
  created_at  TIMESTAMPTZ DEFAULT now()
);

CREATE TABLE IF NOT EXISTS pedidos (
  id              UUID            DEFAULT gen_random_uuid() PRIMARY KEY,
  cliente_id      UUID            REFERENCES clientes(id) ON DELETE SET NULL,
  produto_id      UUID            NOT NULL REFERENCES produtos(id) ON DELETE RESTRICT,
  quantidade      INTEGER         NOT NULL DEFAULT 1,
  valor           NUMERIC(10,2)   NOT NULL,
  status          status_pedido   NOT NULL DEFAULT 'pendente',
  data_pedido     DATE            NOT NULL,
  forma_pagamento forma_pagamento,
  observacoes     TEXT,
  created_at      TIMESTAMPTZ     DEFAULT now()
);

-- 3. RLS desabilitado (desenvolvimento)
ALTER TABLE produtos  DISABLE ROW LEVEL SECURITY;
ALTER TABLE clientes  DISABLE ROW LEVEL SECURITY;
ALTER TABLE pedidos   DISABLE ROW LEVEL SECURITY;

TRUNCATE TABLE pedidos, clientes, produtos RESTART IDENTITY CASCADE;

-- 4. Produtos (15 itens)
INSERT INTO produtos (id, nome, preco, descricao) VALUES
  ('aa000000-0000-0000-0000-000000000001', 'Anel Ajustável Ouro', 55.00, NULL),
  ('aa000000-0000-0000-0000-000000000002', 'Anel Solitário', 150.00, NULL),
  ('aa000000-0000-0000-0000-000000000003', 'Brinco Argola Prata', 45.00, NULL),
  ('aa000000-0000-0000-0000-000000000004', 'Brinco Gota Cristal', 78.00, NULL),
  ('aa000000-0000-0000-0000-000000000005', 'Brinco Pressão Strass', 28.00, NULL),
  ('aa000000-0000-0000-0000-000000000006', 'Broche Vintage', 48.00, NULL),
  ('aa000000-0000-0000-0000-000000000007', 'Choker Veludo', 35.00, NULL),
  ('aa000000-0000-0000-0000-000000000008', 'Colar Corrente Grossa', 110.00, NULL),
  ('aa000000-0000-0000-0000-000000000009', 'Colar Dourado Lua', 89.90, NULL),
  ('aa000000-0000-0000-0000-000000000010', 'Colar Pérolas', 120.00, NULL),
  ('aa000000-0000-0000-0000-000000000011', 'Conjunto Colar+Brinco', 165.00, NULL),
  ('aa000000-0000-0000-0000-000000000012', 'Kit Pulseiras (3un)', 95.00, NULL),
  ('aa000000-0000-0000-0000-000000000013', 'Presilha Cabelo Luxo', 55.00, NULL),
  ('aa000000-0000-0000-0000-000000000014', 'Pulseira Couro', 65.00, NULL),
  ('aa000000-0000-0000-0000-000000000015', 'Tornozeleira Prata', 42.00, NULL);

-- 5. Clientes (32 registros — pedidos + aba Contatos clientes)
INSERT INTO clientes (id, nome, instagram, whatsapp, endereco, observacoes) VALUES
  ('fad12692-55cf-51a5-b56c-a369ffcdb736', 'Amanda Nascimento', NULL, NULL, NULL, NULL),
  ('6cf3ade0-8811-5b39-b5cd-62a75d71c749', 'Ana Beatriz', '@ana.acessorios', NULL, 'Boa Viagem, Recife', NULL),
  ('07c1daa1-4e2e-5d70-9d80-b994fef83dcb', 'André Barbosa', NULL, NULL, NULL, NULL),
  ('233114c7-7903-587a-94dc-646a5be7d1ba', 'Bianca Dias', NULL, NULL, NULL, NULL),
  ('0371e359-e026-50a5-98f3-6a32e0ed6714', 'Bruno Carvalho', NULL, '(81) 97044-8657', 'Boa Viagem, Recife', 'compra todo mês'),
  ('dfb183a2-1da2-5832-b6ba-708af695c394', 'Camila Santos', '@camila.acessorios', '(81) 98371-7077', NULL, NULL),
  ('8601af2f-bc33-5bb4-a405-5d2bec1f3fbf', 'Carolina Martins', NULL, NULL, NULL, NULL),
  ('1f46cf9e-5765-5b1e-ae9a-843ca3f82707', 'Diego Ribeiro', NULL, NULL, NULL, NULL),
  ('f60ece4a-370a-5670-ad12-3bf46cabe078', 'Felipe Araújo', NULL, NULL, NULL, NULL),
  ('aa22d21b-f292-5343-9309-aad4f593ca22', 'Fernanda Rocha', NULL, '(81) 99047-4279', NULL, NULL),
  ('83cc9c70-5420-57b8-b554-edce65c5fb85', 'Gustavo Almeida', NULL, NULL, NULL, NULL),
  ('943e925b-60ce-5926-9a64-62501d06387e', 'Isabela Pereira', NULL, NULL, NULL, NULL),
  ('6056b09b-7ae1-5df8-99d4-34ac1307cf80', 'João Pedro', NULL, NULL, NULL, NULL),
  ('ccf309d3-647d-5cb8-892d-0ce92b01b522', 'Juliana Lima', NULL, '(81) 94048-9176', NULL, 'compra todo mês'),
  ('7ad29784-fb9d-59f2-acac-387595f8e5fd', 'Larissa Mendes', NULL, '(81) 92988-4292', 'Boa Viagem, Recife', NULL),
  ('954fff78-07db-51b8-bf36-9712c862b7a2', 'Letícia Moreira', NULL, NULL, NULL, NULL),
  ('86750dc1-3fe8-50a4-8855-d71a81f07f19', 'Lucas Oliveira', '@lucas.acessorios', '(81) 97001-6933', NULL, 'compra todo mês'),
  ('a7acf1d3-bb7b-5416-94a6-5dbe17df31cc', 'Maria Silva', NULL, NULL, NULL, 'sempre atrasa'),
  ('2c06c811-84b1-512f-8973-34f6d91f7201', 'Mariana Souza', NULL, NULL, 'Boa Viagem, Recife', 'VIP'),
  ('97c74522-2d03-5342-a9e3-5d289b3130f2', 'Mateus Gomes', NULL, NULL, NULL, NULL),
  ('0cfb1096-0d51-501c-8724-8c759c0f9217', 'Patrícia Nunes', '@patricia.acessorios', NULL, NULL, 'sempre atrasa'),
  ('51910168-351d-50e0-9fff-4125ededec85', 'Pedro Henrique', '@pedro.acessorios', NULL, 'Boa Viagem, Recife', NULL),
  ('e6792b62-b894-533f-a2bb-3279f75b4ba4', 'Rafael Costa', NULL, '(81) 97521-6150', NULL, NULL),
  ('1170357d-6edb-5757-a923-55e37985e3b9', 'Thiago Ferreira', NULL, '(81) 95757-5914', 'Boa Viagem, Recife', NULL),
  ('cb4e69e5-adaf-58d9-a1e5-50e6e0083a96', 'Vinícius Correia', NULL, NULL, NULL, NULL);

-- 6. Pedidos (192 registros — produto_id já vinculado)
INSERT INTO pedidos (id, cliente_id, produto_id, quantidade, valor, status, data_pedido, forma_pagamento, observacoes) VALUES
  ('cd3556eb-fadd-5064-8780-88113755d70b', '233114c7-7903-587a-94dc-646a5be7d1ba', 'aa000000-0000-0000-0000-000000000003', 1, 45.0, 'pago', '2025-02-02', 'pix', '2a compra'),
  ('62b49545-f991-5b69-8bf1-49a44e4cc8dd', '943e925b-60ce-5926-9a64-62501d06387e', 'aa000000-0000-0000-0000-000000000012', 1, 86.0, 'pago', '2025-02-03', NULL, NULL),
  ('3cf4d2c7-1306-5647-b9d0-88b6f875ca78', '954fff78-07db-51b8-bf36-9712c862b7a2', 'aa000000-0000-0000-0000-000000000007', 1, 35.0, 'enviado', '2025-02-09', 'pix', 'indicação da Maria'),
  ('492a6ef3-c21b-5889-a56c-c2d9261a7186', 'aa22d21b-f292-5343-9309-aad4f593ca22', 'aa000000-0000-0000-0000-000000000014', 1, 65.0, 'pago', '2025-01-18', 'cartao', '???'),
  ('fc858863-54c7-586a-9c12-9a693525a624', '6056b09b-7ae1-5df8-99d4-34ac1307cf80', 'aa000000-0000-0000-0000-000000000002', 1, 150.0, 'pago', '2025-02-22', 'pix', 'frete grátis combinado'),
  ('9f25aefa-b76f-502a-ad19-1f5e575ebab3', 'ccf309d3-647d-5cb8-892d-0ce92b01b522', 'aa000000-0000-0000-0000-000000000002', 1, 150.0, 'cancelado', '2025-02-11', 'pix', 'ver com Bia'),
  ('7ca1c226-f7cb-541e-8580-362c15615e7e', '233114c7-7903-587a-94dc-646a5be7d1ba', 'aa000000-0000-0000-0000-000000000013', 1, 55.0, 'pendente', '2025-01-31', 'pix', 'reclamou da demora'),
  ('63ad68f0-4865-501d-bf8c-8a3791b402ee', '233114c7-7903-587a-94dc-646a5be7d1ba', 'aa000000-0000-0000-0000-000000000014', 1, 65.0, 'pago', '2025-03-05', 'cartao', 'comprou pelo stories'),
  ('1b138b0d-9513-5a23-9b92-306dc0c52940', 'fad12692-55cf-51a5-b56c-a369ffcdb736', 'aa000000-0000-0000-0000-000000000011', 1, 165.0, 'pago', '2025-02-14', 'cartao', 'endereço: ver no zap'),
  ('1e6ba1e7-43fe-5bf8-b4cd-f9e7296f8647', 'ccf309d3-647d-5cb8-892d-0ce92b01b522', 'aa000000-0000-0000-0000-000000000008', 1, 110.0, 'pago', '2025-03-28', 'pix', NULL),
  ('c3a9a83e-fd4f-507b-aaad-223dd25f1324', 'f60ece4a-370a-5670-ad12-3bf46cabe078', 'aa000000-0000-0000-0000-000000000010', 2, 240.0, 'pago', '2025-03-20', 'pix', 'mandou msg no zap'),
  ('3e861dce-171b-5404-a9d4-d4a607eab1e9', 'fad12692-55cf-51a5-b56c-a369ffcdb736', 'aa000000-0000-0000-0000-000000000009', 2, 179.8, 'enviado', '2025-01-25', 'pix', NULL),
  ('e6a44517-304f-5f62-a171-3a280f9f7134', '97c74522-2d03-5342-a9e3-5d289b3130f2', 'aa000000-0000-0000-0000-000000000015', 1, 42.0, 'pendente', '2025-01-06', 'pix', 'vai retirar pessoalmente'),
  ('444421f7-7864-513e-83df-eea58c6bb132', '233114c7-7903-587a-94dc-646a5be7d1ba', 'aa000000-0000-0000-0000-000000000004', 1, 78.0, 'pago', '2025-03-04', NULL, NULL),
  ('bef8cf28-8f92-51b1-8ef3-be3a9fbd013c', '86750dc1-3fe8-50a4-8855-d71a81f07f19', 'aa000000-0000-0000-0000-000000000013', 1, 55.0, 'pendente', '2025-03-10', 'cartao', NULL),
  ('f4978381-6ff6-573b-9e92-693fbeb8eea4', 'fad12692-55cf-51a5-b56c-a369ffcdb736', 'aa000000-0000-0000-0000-000000000006', 1, 43.2, 'pendente', '2025-02-15', 'cartao', 'entrega urgente | status original: t'),
  ('27faace6-dfd3-5563-9ca6-cd18294395f1', '51910168-351d-50e0-9fff-4125ededec85', 'aa000000-0000-0000-0000-000000000006', 1, 43.2, 'pago', '2025-04-08', NULL, NULL),
  ('be01a6c3-0358-50c4-b1d4-b543b22ad53d', '07c1daa1-4e2e-5d70-9d80-b994fef83dcb', 'aa000000-0000-0000-0000-000000000015', 2, 84.0, 'enviado', '2025-03-13', 'cartao', 'vai retirar pessoalmente'),
  ('e16756da-fbcb-572d-9ee6-80a6ce0429de', 'ccf309d3-647d-5cb8-892d-0ce92b01b522', 'aa000000-0000-0000-0000-000000000002', 1, 150.0, 'pago', '2025-03-29', 'dinheiro', NULL),
  ('12bb4619-1b4f-5403-9e04-a148ba349647', '6cf3ade0-8811-5b39-b5cd-62a75d71c749', 'aa000000-0000-0000-0000-000000000004', 1, 78.0, 'pago', '2025-03-21', 'pix', NULL),
  ('e6421355-1ec0-5e9a-b75d-af3c7ef6167a', '6056b09b-7ae1-5df8-99d4-34ac1307cf80', 'aa000000-0000-0000-0000-000000000013', 1, 55.0, 'pendente', '2025-02-09', NULL, NULL),
  ('4d73f5c6-315b-5925-9a3b-c0510269745a', '6056b09b-7ae1-5df8-99d4-34ac1307cf80', 'aa000000-0000-0000-0000-000000000013', 1, 55.0, 'pendente', '2025-02-09', NULL, NULL),
  ('6a00abb4-7c32-53a7-81ff-214a4fec94ba', '943e925b-60ce-5926-9a64-62501d06387e', 'aa000000-0000-0000-0000-000000000015', 1, 42.0, 'pago', '2025-02-26', 'pix', 'presente - embrulhar'),
  ('3c9a649f-2175-55db-91b2-dabee31d6417', '0371e359-e026-50a5-98f3-6a32e0ed6714', 'aa000000-0000-0000-0000-000000000015', 2, 76.0, 'cancelado', '2025-03-29', 'pix', 'ver com Bia'),
  ('23ea83ee-7ffd-585d-a682-9da77caf74e5', '86750dc1-3fe8-50a4-8855-d71a81f07f19', 'aa000000-0000-0000-0000-000000000001', 1, 55.0, 'pago', '2025-01-22', 'dinheiro', NULL),
  ('f1c52a2d-7add-505b-8be7-dc32acdb420f', NULL, 'aa000000-0000-0000-0000-000000000009', 1, 89.9, 'pago', '2025-02-15', 'pix', NULL),
  ('6c5b16c3-4a9b-5728-96f4-062d7369fa13', 'f60ece4a-370a-5670-ad12-3bf46cabe078', 'aa000000-0000-0000-0000-000000000003', 1, 45.0, 'cancelado', '2025-01-06', 'pix', 'presente - embrulhar'),
  ('72cc571d-b9df-588f-b747-9f2e61ae4179', 'ccf309d3-647d-5cb8-892d-0ce92b01b522', 'aa000000-0000-0000-0000-000000000013', 1, 49.5, 'pago', '2025-02-22', 'cartao', 'trocou de cor depois'),
  ('7cea1652-996e-5e40-8fd4-96affbba16cf', '954fff78-07db-51b8-bf36-9712c862b7a2', 'aa000000-0000-0000-0000-000000000002', 3, 450.0, 'pago', '2025-04-06', 'cartao', NULL),
  ('f0daa765-242d-5b9e-b29f-8a11e39f9e3a', 'cb4e69e5-adaf-58d9-a1e5-50e6e0083a96', 'aa000000-0000-0000-0000-000000000007', 1, 35.0, 'pendente', '2025-01-11', NULL, NULL),
  ('bda897ce-808f-5a30-969b-48621c4974a7', '6cf3ade0-8811-5b39-b5cd-62a75d71c749', 'aa000000-0000-0000-0000-000000000013', 1, 55.0, 'enviado', '2025-04-01', 'pix', 'endereço: ver no zap'),
  ('1d8fabf0-585b-5168-84af-c1f4d054e932', '97c74522-2d03-5342-a9e3-5d289b3130f2', 'aa000000-0000-0000-0000-000000000009', 1, 90.0, 'pendente', '2025-03-20', 'cartao', NULL),
  ('f6535762-9b3f-57c3-82e9-23367e5e0db8', '2c06c811-84b1-512f-8973-34f6d91f7201', 'aa000000-0000-0000-0000-000000000001', 1, 55.0, 'pago', '2025-03-28', 'pix', NULL),
  ('dac2d48b-8506-5359-bd07-440fcda64ceb', '943e925b-60ce-5926-9a64-62501d06387e', 'aa000000-0000-0000-0000-000000000003', 1, 45.0, 'pago', '2025-02-07', 'pix', NULL),
  ('0be2cec6-772a-5583-a4fb-855a8ca80365', 'e6792b62-b894-533f-a2bb-3279f75b4ba4', 'aa000000-0000-0000-0000-000000000015', 2, 84.0, 'cancelado', '2025-03-24', 'pix', 'comprou pelo stories | devolvido'),
  ('8880eafb-6eed-5282-8a14-d5092072db2d', '07c1daa1-4e2e-5d70-9d80-b994fef83dcb', 'aa000000-0000-0000-0000-000000000003', 2, 90.0, 'enviado', '2025-01-19', NULL, NULL),
  ('1414cc26-ea59-50b8-932c-d45609b9f5c3', '97c74522-2d03-5342-a9e3-5d289b3130f2', 'aa000000-0000-0000-0000-000000000001', 2, 110.0, 'enviado', '2025-03-27', 'dinheiro', NULL),
  ('81a26c02-c81c-59d7-923c-529fd2293629', '233114c7-7903-587a-94dc-646a5be7d1ba', 'aa000000-0000-0000-0000-000000000012', 2, 171.0, 'enviado', '2025-02-16', 'cartao', NULL),
  ('5a459ac2-3301-5db9-b12e-426375cb323b', 'f60ece4a-370a-5670-ad12-3bf46cabe078', 'aa000000-0000-0000-0000-000000000002', 1, 135.0, 'cancelado', '2025-01-14', NULL, NULL),
  ('82fd7791-6b86-5d82-918f-84aceab2eacd', 'f60ece4a-370a-5670-ad12-3bf46cabe078', 'aa000000-0000-0000-0000-000000000014', 1, 58.0, 'enviado', '2025-02-20', 'cartao', NULL),
  ('81f82491-4440-514d-ab7d-187aa4504198', '07c1daa1-4e2e-5d70-9d80-b994fef83dcb', 'aa000000-0000-0000-0000-000000000003', 1, 45.0, 'cancelado', '2025-02-26', 'cartao', NULL),
  ('c407c7c1-6f7c-5fdd-bf3d-1f6f3603d3b1', 'a7acf1d3-bb7b-5416-94a6-5dbe17df31cc', 'aa000000-0000-0000-0000-000000000014', 2, 130.0, 'enviado', '2025-02-26', 'cartao', 'cliente VIP'),
  ('8e157bb4-50c3-51f2-9bc3-fcedd3a96641', '954fff78-07db-51b8-bf36-9712c862b7a2', 'aa000000-0000-0000-0000-000000000003', 1, 40.5, 'pago', '2025-03-06', 'cartao', 'entrega urgente'),
  ('5a9d57bc-6501-5b39-b58c-c24d7701790d', 'a7acf1d3-bb7b-5416-94a6-5dbe17df31cc', 'aa000000-0000-0000-0000-000000000008', 1, 110.0, 'cancelado', '2025-01-13', 'cartao', 'reclamou da demora'),
  ('bb9f57a4-dab9-56b1-9e5f-cfbec094efee', 'a7acf1d3-bb7b-5416-94a6-5dbe17df31cc', 'aa000000-0000-0000-0000-000000000008', 1, 110.0, 'cancelado', '2025-01-13', 'cartao', 'reclamou da demora'),
  ('8d6a4701-d848-5beb-b94f-421d4f121568', '07c1daa1-4e2e-5d70-9d80-b994fef83dcb', 'aa000000-0000-0000-0000-000000000013', 1, 55.0, 'enviado', '2025-01-19', 'pix', 'endereço: ver no zap'),
  ('1be529d5-659e-543a-bded-8d26a76892a4', '86750dc1-3fe8-50a4-8855-d71a81f07f19', 'aa000000-0000-0000-0000-000000000005', 1, 28.0, 'pago', '2025-02-14', 'pix', 'ver com Bia'),
  ('ed2bfa92-2a4d-5087-96c0-8c02a8f7c89e', 'aa22d21b-f292-5343-9309-aad4f593ca22', 'aa000000-0000-0000-0000-000000000009', 2, 161.82, 'pendente', '2025-03-14', 'pix', NULL),
  ('adb3726d-4063-5e90-ab45-41a68baeb40b', '6cf3ade0-8811-5b39-b5cd-62a75d71c749', 'aa000000-0000-0000-0000-000000000008', 2, 220.0, 'enviado', '2025-03-30', 'cartao', 'mandou msg no zap'),
  ('a2f598d7-8f77-5361-b7a7-60418ad25c37', '0371e359-e026-50a5-98f3-6a32e0ed6714', 'aa000000-0000-0000-0000-000000000004', 1, 78.0, 'pago', '2025-01-21', 'pix', '2a compra'),
  ('60f67da5-3389-5a2d-8b52-9be9623f8504', 'a7acf1d3-bb7b-5416-94a6-5dbe17df31cc', 'aa000000-0000-0000-0000-000000000003', 2, 90.0, 'pago', '2025-02-20', 'pix', NULL),
  ('483efd4f-f060-56a1-8448-f9bee713ef0e', 'a7acf1d3-bb7b-5416-94a6-5dbe17df31cc', 'aa000000-0000-0000-0000-000000000001', 1, 55.0, 'pago', '2025-02-21', 'pix', 'mesmo endereço'),
  ('4e9e5064-6ee1-54f5-a50f-8aaaff0ccc14', '943e925b-60ce-5926-9a64-62501d06387e', 'aa000000-0000-0000-0000-000000000010', 1, 120.0, 'pago', '2025-02-12', 'pix', 'frete grátis combinado'),
  ('cc636819-102e-5188-b9c2-03fafe65aba1', '0cfb1096-0d51-501c-8724-8c759c0f9217', 'aa000000-0000-0000-0000-000000000015', 1, 42.0, 'enviado', '2025-03-06', 'pix', 'comprou pelo stories'),
  ('f68fbdaa-f44b-5c2e-9e6a-1300340bdf23', '8601af2f-bc33-5bb4-a405-5d2bec1f3fbf', 'aa000000-0000-0000-0000-000000000008', 1, 110.0, 'pendente', '2025-02-04', 'cartao', NULL),
  ('93336361-70b7-53b4-8059-15900ca583e8', '51910168-351d-50e0-9fff-4125ededec85', 'aa000000-0000-0000-0000-000000000015', 1, 42.0, 'pago', '2025-03-04', 'cartao', 'indicação da Maria'),
  ('488bd669-44f7-5aa4-8a97-0bae8dc14fc6', '1f46cf9e-5765-5b1e-ae9a-843ca3f82707', 'aa000000-0000-0000-0000-000000000012', 1, 95.0, 'enviado', '2025-01-05', 'transferencia', NULL),
  ('cd683b14-00cc-5caf-871b-69dfdb5fe488', '954fff78-07db-51b8-bf36-9712c862b7a2', 'aa000000-0000-0000-0000-000000000007', 1, 35.0, 'pago', '2025-01-20', 'pix', 'mandou msg no zap'),
  ('0805db69-121e-5353-b3cf-c661026c96d5', '2c06c811-84b1-512f-8973-34f6d91f7201', 'aa000000-0000-0000-0000-000000000011', 2, 330.0, 'enviado', '2025-04-07', NULL, 'trocou de cor depois'),
  ('fd1c6389-1eea-5b9c-a74f-d57c309d9d5e', '1f46cf9e-5765-5b1e-ae9a-843ca3f82707', 'aa000000-0000-0000-0000-000000000015', 1, 42.0, 'pago', '2025-03-27', 'dinheiro', 'reclamou da demora'),
  ('8d018013-f1fa-547b-8554-5c08c408a5ea', '0cfb1096-0d51-501c-8724-8c759c0f9217', 'aa000000-0000-0000-0000-000000000003', 2, 90.0, 'pago', '2025-02-16', 'pix', NULL),
  ('5ffdb5e1-fb60-5c95-8a98-bd072802ee77', '7ad29784-fb9d-59f2-acac-387595f8e5fd', 'aa000000-0000-0000-0000-000000000002', 1, 150.0, 'pago', '2025-02-27', 'dinheiro', 'presente - embrulhar'),
  ('d8acec29-4b43-571f-abc8-52aa7e2136fd', '0371e359-e026-50a5-98f3-6a32e0ed6714', 'aa000000-0000-0000-0000-000000000012', 2, 190.0, 'pago', '2025-04-04', 'transferencia', 'instagram: @bruno'),
  ('69edf1d0-64a8-5c3c-9aab-4b1b85fcf7f5', '83cc9c70-5420-57b8-b554-edce65c5fb85', 'aa000000-0000-0000-0000-000000000011', 1, 165.0, 'pago', '2025-02-27', 'pix', NULL),
  ('d9995445-3b3b-586e-880d-fa37f26118f9', 'aa22d21b-f292-5343-9309-aad4f593ca22', 'aa000000-0000-0000-0000-000000000012', 1, 95.0, 'pendente', '2025-03-31', 'pix', 'trocou de cor depois'),
  ('2f7a52aa-94c4-59d9-8219-851fa920b802', 'f60ece4a-370a-5670-ad12-3bf46cabe078', 'aa000000-0000-0000-0000-000000000009', 2, 179.8, 'pago', '2025-03-30', 'pix', 'trocou de cor depois'),
  ('167d92ee-b0ed-56fd-9063-b23f366a6a77', 'aa22d21b-f292-5343-9309-aad4f593ca22', 'aa000000-0000-0000-0000-000000000012', 1, 95.0, 'enviado', '2025-02-17', 'cartao', NULL),
  ('ae1e16ec-f7fa-5a9f-95e8-e8f15a1b0513', '6cf3ade0-8811-5b39-b5cd-62a75d71c749', 'aa000000-0000-0000-0000-000000000015', 1, 42.0, 'pago', '2025-02-18', 'pix', NULL),
  ('f0e86ad8-44ed-5464-b0dd-d3ca0a02dfdc', 'ccf309d3-647d-5cb8-892d-0ce92b01b522', 'aa000000-0000-0000-0000-000000000013', 1, 55.0, 'pago', '2025-01-21', 'pix', NULL),
  ('e3e80155-19e9-5a63-9b44-6e8db24ba185', 'aa22d21b-f292-5343-9309-aad4f593ca22', 'aa000000-0000-0000-0000-000000000011', 1, 165.0, 'pago', '2025-04-06', 'cartao', NULL),
  ('a2707ae8-3ebf-56bd-808c-c18ca597c308', '83cc9c70-5420-57b8-b554-edce65c5fb85', 'aa000000-0000-0000-0000-000000000005', 1, 28.0, 'cancelado', '2025-02-24', 'pix', 'endereço: ver no zap'),
  ('0e6df68a-7ab0-50c7-97f0-d99ce1be9476', '233114c7-7903-587a-94dc-646a5be7d1ba', 'aa000000-0000-0000-0000-000000000001', 1, 55.0, 'pendente', '2025-04-02', 'pix', NULL),
  ('da204dce-cb4d-5199-9f81-b743c1e39ecb', '0371e359-e026-50a5-98f3-6a32e0ed6714', 'aa000000-0000-0000-0000-000000000008', 1, 110.0, 'pago', '2025-02-17', 'dinheiro', NULL),
  ('264e8a50-44be-535a-864a-b60ed9f2d46c', '233114c7-7903-587a-94dc-646a5be7d1ba', 'aa000000-0000-0000-0000-000000000006', 2, 96.0, 'pago', '2025-03-01', 'pix', NULL),
  ('aa84ef51-c1f6-537a-8fcf-85901e8d7e5c', 'f60ece4a-370a-5670-ad12-3bf46cabe078', 'aa000000-0000-0000-0000-000000000011', 1, 165.0, 'pendente', '2025-04-08', 'cartao', NULL),
  ('b5277aae-d87d-5e82-ba54-554bf90f7716', '51910168-351d-50e0-9fff-4125ededec85', 'aa000000-0000-0000-0000-000000000011', 1, 165.0, 'pago', '2025-02-22', 'cartao', NULL),
  ('f5860568-882c-5896-a221-839064122e8c', '1170357d-6edb-5757-a923-55e37985e3b9', 'aa000000-0000-0000-0000-000000000011', 1, 165.0, 'pendente', '2025-03-22', NULL, NULL),
  ('9b79925f-2768-5686-bdca-111826c997f0', '6cf3ade0-8811-5b39-b5cd-62a75d71c749', 'aa000000-0000-0000-0000-000000000001', 2, 110.0, 'pendente', '2025-02-04', 'dinheiro', 'trocou de cor depois'),
  ('93c47435-5cc1-531b-a8fb-548247e09fd9', '83cc9c70-5420-57b8-b554-edce65c5fb85', 'aa000000-0000-0000-0000-000000000001', 1, 55.0, 'pendente', '2025-03-30', NULL, 'mandou msg no zap'),
  ('bebb1377-d715-5bae-9a60-f157468af7ca', 'cb4e69e5-adaf-58d9-a1e5-50e6e0083a96', 'aa000000-0000-0000-0000-000000000007', 1, 35.0, 'pago', '2025-02-08', 'pix', '2a compra'),
  ('f2b1274c-321d-522c-9904-513fe6f06275', 'cb4e69e5-adaf-58d9-a1e5-50e6e0083a96', 'aa000000-0000-0000-0000-000000000007', 1, 35.0, 'pago', '2025-02-08', 'pix', '2a compra'),
  ('d6db3906-9cfa-583d-a5e2-27c179128e4f', '86750dc1-3fe8-50a4-8855-d71a81f07f19', 'aa000000-0000-0000-0000-000000000002', 1, 150.0, 'pago', '2025-01-28', 'cartao', '2a compra'),
  ('00839378-3e7f-506f-9aef-9087e78a7e05', '86750dc1-3fe8-50a4-8855-d71a81f07f19', 'aa000000-0000-0000-0000-000000000002', 1, 150.0, 'pago', '2025-01-28', 'cartao', '2a compra'),
  ('4c899817-7351-5ecc-b82d-6c2be33eff25', '8601af2f-bc33-5bb4-a405-5d2bec1f3fbf', 'aa000000-0000-0000-0000-000000000005', 1, 28.0, 'pago', '2025-01-29', 'pix', 'entrega urgente'),
  ('54e4030e-22c8-54a4-9129-2eac11053a9e', 'f60ece4a-370a-5670-ad12-3bf46cabe078', 'aa000000-0000-0000-0000-000000000014', 1, 65.0, 'pago', '2025-03-16', 'pix', NULL),
  ('4f2d1ebd-79d2-5866-a570-e8c54f534ff6', 'a7acf1d3-bb7b-5416-94a6-5dbe17df31cc', 'aa000000-0000-0000-0000-000000000005', 1, 28.0, 'pago', '2025-02-17', 'cartao', 'instagram: @maria'),
  ('b6e8d8ed-bff2-5724-9ca3-b3fee9a3e937', '6cf3ade0-8811-5b39-b5cd-62a75d71c749', 'aa000000-0000-0000-0000-000000000012', 1, 95.0, 'pago', '2025-04-02', 'pix', 'entrega urgente'),
  ('5a03c989-c9de-5922-abda-e449f3c191f0', '86750dc1-3fe8-50a4-8855-d71a81f07f19', 'aa000000-0000-0000-0000-000000000007', 2, 70.0, 'pago', '2025-03-25', 'transferencia', 'trocou de cor depois'),
  ('6b412b87-ed3b-592e-8560-2a29367685ea', '943e925b-60ce-5926-9a64-62501d06387e', 'aa000000-0000-0000-0000-000000000012', 1, 95.0, 'cancelado', '2025-03-24', 'cartao', 'reclamou da demora'),
  ('76a704d2-992e-536f-8886-757b8e30c29e', '07c1daa1-4e2e-5d70-9d80-b994fef83dcb', 'aa000000-0000-0000-0000-000000000003', 1, 45.0, 'pago', '2025-01-14', 'dinheiro', 'indicação da Maria'),
  ('cc4946f7-0253-5afc-8061-3db083b66523', '83cc9c70-5420-57b8-b554-edce65c5fb85', 'aa000000-0000-0000-0000-000000000009', 1, 89.9, 'enviado', '2025-04-04', 'pix', NULL),
  ('b38c2720-aa23-5407-983d-a46a9abf7ca8', '233114c7-7903-587a-94dc-646a5be7d1ba', 'aa000000-0000-0000-0000-000000000005', 1, 28.0, 'pago', '2025-02-28', 'pix', NULL),
  ('5d3b2c14-784b-560e-94c4-f055531e3846', 'dfb183a2-1da2-5832-b6ba-708af695c394', 'aa000000-0000-0000-0000-000000000003', 1, 45.0, 'pendente', '2025-03-22', 'cartao', 'trocou de cor depois'),
  ('492c3313-d038-5e97-b986-d71b24fee078', 'dfb183a2-1da2-5832-b6ba-708af695c394', 'aa000000-0000-0000-0000-000000000003', 1, 45.0, 'pendente', '2025-03-22', 'cartao', 'trocou de cor depois'),
  ('773988f7-d72b-5999-9307-214d626fd336', 'dfb183a2-1da2-5832-b6ba-708af695c394', 'aa000000-0000-0000-0000-000000000003', 1, 45.0, 'pendente', '2025-03-22', 'cartao', 'trocou de cor depois'),
  ('93229f97-2a8c-59ee-8a7b-742d6a6c2cce', '954fff78-07db-51b8-bf36-9712c862b7a2', 'aa000000-0000-0000-0000-000000000010', 1, 120.0, 'pago', '2025-03-10', 'pix', 'frete grátis combinado'),
  ('25152334-23be-5939-9006-3b69992df0d2', 'cb4e69e5-adaf-58d9-a1e5-50e6e0083a96', 'aa000000-0000-0000-0000-000000000004', 1, 70.0, 'cancelado', '2025-02-03', 'pix', 'devolvido'),
  ('2b9d9b1c-b284-5163-b343-a7bba7854f6f', 'aa22d21b-f292-5343-9309-aad4f593ca22', 'aa000000-0000-0000-0000-000000000005', 1, 28.0, 'pago', '2025-03-06', 'cartao', NULL),
  ('cadf27de-413c-5b18-ac38-c3505bd07341', '233114c7-7903-587a-94dc-646a5be7d1ba', 'aa000000-0000-0000-0000-000000000013', 1, 49.5, 'pago', '2025-02-18', 'pix', NULL),
  ('b54ed166-ce6d-5955-b77f-b3e89e14f694', '0371e359-e026-50a5-98f3-6a32e0ed6714', 'aa000000-0000-0000-0000-000000000002', 1, 150.0, 'enviado', '2025-02-25', 'pix', 'trocou de cor depois'),
  ('65345450-17b5-51a1-a707-1eee9845bf7a', 'aa22d21b-f292-5343-9309-aad4f593ca22', 'aa000000-0000-0000-0000-000000000004', 1, 78.0, 'enviado', '2025-03-11', 'pix', 'vai retirar pessoalmente'),
  ('8c5f792b-8055-543d-9115-f280908347ec', '6056b09b-7ae1-5df8-99d4-34ac1307cf80', 'aa000000-0000-0000-0000-000000000001', 1, 55.0, 'pendente', '2025-03-09', 'pix', NULL),
  ('470560b3-10be-5dcb-8417-671487d9b048', 'dfb183a2-1da2-5832-b6ba-708af695c394', 'aa000000-0000-0000-0000-000000000006', 1, 48.0, 'pago', '2025-03-08', 'cartao', 'indicação da Maria'),
  ('46b28380-5d6b-5dc7-a981-8384857710ae', 'f60ece4a-370a-5670-ad12-3bf46cabe078', 'aa000000-0000-0000-0000-000000000009', 1, 80.91, 'pago', '2025-01-19', 'pix', NULL),
  ('321d54ab-3058-5386-8335-ff52687e61a0', '83cc9c70-5420-57b8-b554-edce65c5fb85', 'aa000000-0000-0000-0000-000000000007', 2, 70.0, 'cancelado', '2025-03-07', 'dinheiro', 'vai retirar pessoalmente'),
  ('7d65432d-4ea1-53b1-892c-820d6d131bd6', 'ccf309d3-647d-5cb8-892d-0ce92b01b522', 'aa000000-0000-0000-0000-000000000006', 1, 48.0, 'enviado', '2025-01-22', 'transferencia', 'ligar segunda'),
  ('1066c1db-a70f-569e-b341-c89e8fb68da4', 'a7acf1d3-bb7b-5416-94a6-5dbe17df31cc', 'aa000000-0000-0000-0000-000000000010', 2, 240.0, 'cancelado', '2025-03-20', 'pix', 'trocou de cor depois'),
  ('0c7a1aa1-2664-525a-991f-92c754cd6ac3', '1170357d-6edb-5757-a923-55e37985e3b9', 'aa000000-0000-0000-0000-000000000004', 1, 78.0, 'cancelado', '2025-03-04', 'cartao', 'endereço: ver no zap'),
  ('a89bbcb3-6df0-5de4-8855-2acd554a5734', 'fad12692-55cf-51a5-b56c-a369ffcdb736', 'aa000000-0000-0000-0000-000000000012', 1, 95.0, 'cancelado', '2025-04-05', 'transferencia', 'comprou pelo stories'),
  ('455b25d8-b45a-5130-b675-369b1d17dde6', '1f46cf9e-5765-5b1e-ae9a-843ca3f82707', 'aa000000-0000-0000-0000-000000000009', 1, 89.9, 'enviado', '2025-02-16', 'pix', 'mandou msg no zap'),
  ('ad4a6039-3527-5e2d-a7e7-8070c23d1585', 'cb4e69e5-adaf-58d9-a1e5-50e6e0083a96', 'aa000000-0000-0000-0000-000000000014', 1, 65.0, 'pago', '2025-01-24', 'cartao', 'frete grátis combinado'),
  ('fba3008e-2071-582a-80c8-3be770536503', '233114c7-7903-587a-94dc-646a5be7d1ba', 'aa000000-0000-0000-0000-000000000003', 2, 90.0, 'pago', '2025-03-14', 'pix', 'indicação da Maria'),
  ('88f86a7d-6701-5005-9b96-27b017540b41', 'f60ece4a-370a-5670-ad12-3bf46cabe078', 'aa000000-0000-0000-0000-000000000009', 1, 89.9, 'cancelado', '2025-04-02', 'pix', 'presente - embrulhar'),
  ('577d6ba2-c400-5901-bd75-994dd379ac86', '233114c7-7903-587a-94dc-646a5be7d1ba', 'aa000000-0000-0000-0000-000000000002', 2, 300.0, 'pago', '2025-04-03', 'pix', 'ligar segunda'),
  ('da495344-ace5-5641-b49b-a81390264be8', '1170357d-6edb-5757-a923-55e37985e3b9', 'aa000000-0000-0000-0000-000000000004', 1, 78.0, 'pendente', '2025-02-26', 'pix', NULL),
  ('8154f815-b309-539c-9134-ebb564adcda6', '1170357d-6edb-5757-a923-55e37985e3b9', 'aa000000-0000-0000-0000-000000000004', 1, 78.0, 'pendente', '2025-02-26', 'pix', NULL),
  ('b2dc488d-ee2a-5578-9f1a-fd9a686da306', '97c74522-2d03-5342-a9e3-5d289b3130f2', 'aa000000-0000-0000-0000-000000000013', 1, 55.0, 'cancelado', '2025-03-09', 'cartao', 'trocou de cor depois'),
  ('bbab3cb7-a0a3-5645-a6e5-d018e08f4737', '0cfb1096-0d51-501c-8724-8c759c0f9217', 'aa000000-0000-0000-0000-000000000010', 1, 120.0, 'cancelado', '2025-03-05', 'pix', 'devolvido'),
  ('820f75d2-e84d-5a8c-ae0e-bd4dac91d297', '943e925b-60ce-5926-9a64-62501d06387e', 'aa000000-0000-0000-0000-000000000010', 1, 120.0, 'pago', '2025-02-06', 'cartao', 'ver com Bia'),
  ('67a36524-63eb-504d-8c4c-dfeb7f064b80', '51910168-351d-50e0-9fff-4125ededec85', 'aa000000-0000-0000-0000-000000000012', 1, 95.0, 'pago', '2025-04-04', 'cartao', NULL),
  ('6d889c37-6cb8-536a-b254-c96f692fb128', '07c1daa1-4e2e-5d70-9d80-b994fef83dcb', 'aa000000-0000-0000-0000-000000000011', 2, 297.0, 'pendente', '2025-03-23', 'cartao', NULL),
  ('bb0c5f57-d562-5ab5-ba09-7296874b2437', '1170357d-6edb-5757-a923-55e37985e3b9', 'aa000000-0000-0000-0000-000000000001', 1, 55.0, 'enviado', '2025-04-01', 'pix', NULL),
  ('10acd816-11e3-5438-9e62-bbff571e7220', '233114c7-7903-587a-94dc-646a5be7d1ba', 'aa000000-0000-0000-0000-000000000008', 1, 110.0, 'pendente', '2025-01-09', 'pix', NULL),
  ('89beb630-d4a8-5df7-b5e6-585955723edb', 'cb4e69e5-adaf-58d9-a1e5-50e6e0083a96', 'aa000000-0000-0000-0000-000000000012', 1, 95.0, 'enviado', '2025-03-15', NULL, 'mandou msg no zap'),
  ('79dd4850-4612-531c-80cf-ddcf29e61250', 'e6792b62-b894-533f-a2bb-3279f75b4ba4', 'aa000000-0000-0000-0000-000000000010', 2, 240.0, 'pendente', '2025-02-11', 'pix', 'trocou de cor depois'),
  ('68b5c6e8-f802-5089-bd8c-b4c8a7efc938', 'fad12692-55cf-51a5-b56c-a369ffcdb736', 'aa000000-0000-0000-0000-000000000001', 2, 110.0, 'cancelado', '2025-02-24', 'cartao', 'devolvido'),
  ('fb4f3a4f-b0e0-5f63-a41c-db94ffc2fbca', 'aa22d21b-f292-5343-9309-aad4f593ca22', 'aa000000-0000-0000-0000-000000000007', 1, 35.0, 'pago', '2025-04-01', 'pix', '???'),
  ('aa1a66b1-9885-5791-af41-40d901409c5f', '51910168-351d-50e0-9fff-4125ededec85', 'aa000000-0000-0000-0000-000000000015', 1, 42.0, 'pago', '2025-03-17', 'cartao', 'reclamou da demora'),
  ('c9a9a6c7-9cad-5a8b-9d02-ac06ea7f2bcc', '0cfb1096-0d51-501c-8724-8c759c0f9217', 'aa000000-0000-0000-0000-000000000006', 2, 96.0, 'pago', '2025-01-19', 'cartao', 'instagram: @patrícia'),
  ('a34e5b53-e271-515c-b95c-a0d2c7e88694', '51910168-351d-50e0-9fff-4125ededec85', 'aa000000-0000-0000-0000-000000000006', 1, 48.0, 'pendente', '2025-02-21', NULL, 'presente - embrulhar'),
  ('e2c6112f-f1f7-585c-a903-4ef568503ed9', 'cb4e69e5-adaf-58d9-a1e5-50e6e0083a96', 'aa000000-0000-0000-0000-000000000014', 2, 130.0, 'pendente', '2025-03-08', 'pix', 'indicação da Maria'),
  ('4f9fda2a-dac2-5c05-8021-f756f90927d3', 'a7acf1d3-bb7b-5416-94a6-5dbe17df31cc', 'aa000000-0000-0000-0000-000000000010', 1, 0.0, 'pago', '2025-03-01', NULL, 'brinde VIP'),
  ('d8b59196-7cd6-511d-9f01-525cc74f2cac', '0cfb1096-0d51-501c-8724-8c759c0f9217', 'aa000000-0000-0000-0000-000000000015', 3, 126.0, 'cancelado', '2025-01-17', NULL, 'reclamou da demora'),
  ('5bb351ce-5f95-5946-ae02-cd120df7ce6a', '7ad29784-fb9d-59f2-acac-387595f8e5fd', 'aa000000-0000-0000-0000-000000000010', 1, 120.0, 'pago', '2025-03-04', 'pix', 'reclamou da demora'),
  ('019c1b30-4aac-538a-9290-f5a97f9fe605', '6056b09b-7ae1-5df8-99d4-34ac1307cf80', 'aa000000-0000-0000-0000-000000000011', 1, 165.0, 'pago', '2025-03-18', 'cartao', 'endereço: ver no zap'),
  ('ccf7667c-21ad-5d3e-b10e-970c781d0091', '51910168-351d-50e0-9fff-4125ededec85', 'aa000000-0000-0000-0000-000000000004', 2, 156.0, 'pago', '2025-03-22', 'pix', 'vai retirar pessoalmente'),
  ('9fca53ea-6706-5859-b1cd-534d1c475c9a', 'e6792b62-b894-533f-a2bb-3279f75b4ba4', 'aa000000-0000-0000-0000-000000000003', 1, 40.5, 'pago', '2025-01-06', 'pix', 'ligar segunda'),
  ('77c919ea-ade9-510c-ab03-f1d06bbb0d78', 'aa22d21b-f292-5343-9309-aad4f593ca22', 'aa000000-0000-0000-0000-000000000009', 1, 89.9, 'pendente', '2025-01-19', 'dinheiro', NULL),
  ('042dc683-799b-5076-94d4-3448d786061c', '943e925b-60ce-5926-9a64-62501d06387e', 'aa000000-0000-0000-0000-000000000003', 1, 45.0, 'pago', '2025-03-24', 'cartao', 'trocou de cor depois'),
  ('92845c3f-e708-56f4-86d4-9ff830b36387', '6056b09b-7ae1-5df8-99d4-34ac1307cf80', 'aa000000-0000-0000-0000-000000000015', 2, 84.0, 'pago', '2025-01-18', 'pix', NULL),
  ('5a3ee09e-a830-51df-bf60-b59926d3e156', 'dfb183a2-1da2-5832-b6ba-708af695c394', 'aa000000-0000-0000-0000-000000000003', 1, 45.0, 'pago', '2025-03-20', 'transferencia', 'frete grátis combinado'),
  ('90f54a99-f9ac-585d-a977-f0e2d93d3bf3', '0cfb1096-0d51-501c-8724-8c759c0f9217', 'aa000000-0000-0000-0000-000000000007', 1, 31.5, 'pago', '2025-04-04', 'cartao', 'presente - embrulhar'),
  ('92b54827-288b-5e57-8e54-6dcb5dc2d3fa', '0371e359-e026-50a5-98f3-6a32e0ed6714', 'aa000000-0000-0000-0000-000000000004', 2, 156.0, 'pago', '2025-04-08', 'cartao', 'comprou pelo stories'),
  ('c2d10c52-b2c0-55c7-a5b0-f5f4160089b4', 'dfb183a2-1da2-5832-b6ba-708af695c394', 'aa000000-0000-0000-0000-000000000008', 2, 198.0, 'pago', '2025-01-15', 'cartao', NULL),
  ('d0a2d9dc-fff1-507a-815e-a440598d873a', '943e925b-60ce-5926-9a64-62501d06387e', 'aa000000-0000-0000-0000-000000000007', 1, 35.0, 'pago', '2025-02-26', 'pix', 'entrega urgente'),
  ('8204f060-2c72-524f-8a76-cc03efb1418a', '1170357d-6edb-5757-a923-55e37985e3b9', 'aa000000-0000-0000-0000-000000000003', 1, 45.0, 'pago', '2025-03-30', 'cartao', 'vai retirar pessoalmente'),
  ('65f791a1-ba0a-59b5-95a2-656f766d1426', 'fad12692-55cf-51a5-b56c-a369ffcdb736', 'aa000000-0000-0000-0000-000000000010', 1, 120.0, 'cancelado', '2025-03-17', 'pix', 'comprou pelo stories | devolvido'),
  ('53395c04-c6aa-5d63-a9d7-abb385b1b8c5', 'a7acf1d3-bb7b-5416-94a6-5dbe17df31cc', 'aa000000-0000-0000-0000-000000000005', 2, 56.0, 'pago', '2025-02-08', 'cartao', 'ligar segunda'),
  ('3a5bc44c-abe1-527e-bb7d-51c40f725436', 'e6792b62-b894-533f-a2bb-3279f75b4ba4', 'aa000000-0000-0000-0000-000000000013', 1, 55.0, 'pago', '2025-01-13', 'pix', '2a compra'),
  ('763b9fa6-19df-5e5a-a1e1-fa382d3df7bc', '7ad29784-fb9d-59f2-acac-387595f8e5fd', 'aa000000-0000-0000-0000-000000000012', 1, 95.0, 'pendente', '2025-02-13', 'pix', 'frete grátis combinado'),
  ('92fb0c23-ca63-5bbb-b643-b1dd6681cf19', 'dfb183a2-1da2-5832-b6ba-708af695c394', 'aa000000-0000-0000-0000-000000000014', 2, 117.0, 'pago', '2025-01-15', 'dinheiro', 'frete grátis combinado'),
  ('29572f6e-2677-52e1-9e07-ee086017d205', 'aa22d21b-f292-5343-9309-aad4f593ca22', 'aa000000-0000-0000-0000-000000000001', 2, 110.0, 'pago', '2025-03-01', 'dinheiro', 'mandou msg no zap'),
  ('b1de5151-0108-5945-812b-47178baf9b37', '6056b09b-7ae1-5df8-99d4-34ac1307cf80', 'aa000000-0000-0000-0000-000000000001', 1, 55.0, 'pago', '2025-01-05', 'pix', NULL),
  ('d4fe6f1c-3fff-5104-b8dc-b7352f76680f', '2c06c811-84b1-512f-8973-34f6d91f7201', 'aa000000-0000-0000-0000-000000000003', 1, 45.0, 'pago', '2025-01-27', 'cartao', 'mandou msg no zap'),
  ('399976ea-401c-5eba-bf8c-058abaf8781a', '07c1daa1-4e2e-5d70-9d80-b994fef83dcb', 'aa000000-0000-0000-0000-000000000011', 1, 165.0, 'pago', '2025-01-10', 'pix', 'ligar segunda'),
  ('0c69319e-20cd-54f6-9a6a-e9d88cd8ee10', '943e925b-60ce-5926-9a64-62501d06387e', 'aa000000-0000-0000-0000-000000000012', 2, 190.0, 'pago', '2025-01-19', 'pix', 'frete grátis combinado'),
  ('a1c8bfb4-109a-5ce9-9027-b1befa6f6537', '954fff78-07db-51b8-bf36-9712c862b7a2', 'aa000000-0000-0000-0000-000000000006', 1, 48.0, 'pago', '2025-01-18', 'transferencia', 'mandou msg no zap'),
  ('19b0f2a1-e682-5269-b1d1-86995bc04748', '83cc9c70-5420-57b8-b554-edce65c5fb85', 'aa000000-0000-0000-0000-000000000002', 1, 150.0, 'pago', '2025-01-26', NULL, 'mandou msg no zap'),
  ('c65e404b-00ab-52fc-b072-ac35f1777614', '1170357d-6edb-5757-a923-55e37985e3b9', 'aa000000-0000-0000-0000-000000000004', 2, 156.0, 'pago', '2025-01-23', 'cartao', NULL),
  ('e642a18f-6f74-5aa6-bfab-6d4b8f6ed31b', 'dfb183a2-1da2-5832-b6ba-708af695c394', 'aa000000-0000-0000-0000-000000000011', 2, 297.0, 'pago', '2025-03-26', 'pix', 'trocou de cor depois'),
  ('5f7c25ff-f6ad-5fdc-bb9d-010afa7a01e8', '233114c7-7903-587a-94dc-646a5be7d1ba', 'aa000000-0000-0000-0000-000000000008', 3, 330.0, 'pago', '2025-03-26', 'pix', 'instagram: @bianca'),
  ('92eae9cf-6365-527f-b185-afb7d21385cf', '83cc9c70-5420-57b8-b554-edce65c5fb85', 'aa000000-0000-0000-0000-000000000011', 1, 148.5, 'pago', '2025-03-10', 'dinheiro', NULL),
  ('01fdee9c-e1ea-5ee0-8c8c-53a3b5f5877e', '83cc9c70-5420-57b8-b554-edce65c5fb85', 'aa000000-0000-0000-0000-000000000003', 1, 45.0, 'pendente', '2025-01-16', 'transferencia', 'trocou de cor depois'),
  ('cf55d6ae-93e4-5783-afa5-a2855fb6f42d', '83cc9c70-5420-57b8-b554-edce65c5fb85', 'aa000000-0000-0000-0000-000000000003', 1, 45.0, 'pendente', '2025-01-16', 'transferencia', 'trocou de cor depois'),
  ('e525fe92-b521-5b09-b2f7-0baf9b4e798c', 'cb4e69e5-adaf-58d9-a1e5-50e6e0083a96', 'aa000000-0000-0000-0000-000000000006', 1, 48.0, 'pendente', '2025-03-19', 'pix', 'instagram: @vinícius'),
  ('7f04318c-aeb6-597d-b360-76938b45dca4', '6056b09b-7ae1-5df8-99d4-34ac1307cf80', 'aa000000-0000-0000-0000-000000000015', 1, 42.0, 'cancelado', '2025-02-17', NULL, 'reclamou da demora'),
  ('c18a384c-3b18-58d2-a3b7-38b915f160b0', '51910168-351d-50e0-9fff-4125ededec85', 'aa000000-0000-0000-0000-000000000002', 1, 150.0, 'pendente', '2025-03-12', 'cartao', 'entrega urgente'),
  ('58c976a2-80ea-5e27-96ea-9a9202fae017', 'fad12692-55cf-51a5-b56c-a369ffcdb736', 'aa000000-0000-0000-0000-000000000004', 1, 70.2, 'pendente', '2025-03-26', 'cartao', NULL),
  ('d7fef3f9-935c-5728-8f0b-2f0e0475540e', '7ad29784-fb9d-59f2-acac-387595f8e5fd', 'aa000000-0000-0000-0000-000000000010', 1, 120.0, 'enviado', '2025-03-23', 'pix', 'endereço: ver no zap'),
  ('f6fdf4d2-098c-598a-b4c5-ab59554bd69b', '1170357d-6edb-5757-a923-55e37985e3b9', 'aa000000-0000-0000-0000-000000000010', 3, 360.0, 'pago', '2025-02-24', 'cartao', 'vai retirar pessoalmente'),
  ('ddba9550-e575-583e-9536-f8428f23912a', '2c06c811-84b1-512f-8973-34f6d91f7201', 'aa000000-0000-0000-0000-000000000013', 1, 55.0, 'cancelado', '2025-04-02', 'pix', 'comprou pelo stories'),
  ('f942f2b0-c008-53f7-a02e-95fabf2d1e78', '1170357d-6edb-5757-a923-55e37985e3b9', 'aa000000-0000-0000-0000-000000000009', 1, 89.9, 'pago', '2025-02-01', 'cartao', NULL),
  ('511d62ac-31b8-5ad2-a892-7fb94f6d1c86', '6cf3ade0-8811-5b39-b5cd-62a75d71c749', 'aa000000-0000-0000-0000-000000000010', 2, 240.0, 'enviado', '2025-03-15', 'pix', 'comprou pelo stories'),
  ('65682d6b-26cb-597e-b925-d21a9208fa99', '97c74522-2d03-5342-a9e3-5d289b3130f2', 'aa000000-0000-0000-0000-000000000014', 1, 65.0, 'enviado', '2025-01-28', 'pix', '2a compra'),
  ('e573a461-3bcd-5391-9d49-7d9324d0c725', '0371e359-e026-50a5-98f3-6a32e0ed6714', 'aa000000-0000-0000-0000-000000000004', 1, 78.0, 'pendente', '2025-03-02', 'dinheiro', NULL),
  ('9c9f8d9c-5170-5e1a-880b-01e71421f01f', '83cc9c70-5420-57b8-b554-edce65c5fb85', 'aa000000-0000-0000-0000-000000000011', 2, 330.0, 'pago', '2025-01-29', 'dinheiro', 'trocou de cor depois'),
  ('7535fdc1-d000-5834-ae87-2635dd7dcccb', '7ad29784-fb9d-59f2-acac-387595f8e5fd', 'aa000000-0000-0000-0000-000000000007', 1, 35.0, 'enviado', '2025-01-30', 'cartao', NULL),
  ('a04ad6c5-684d-5c6d-822f-fa7c519ecca2', '1170357d-6edb-5757-a923-55e37985e3b9', 'aa000000-0000-0000-0000-000000000007', 2, 70.0, 'enviado', '2025-03-12', 'pix', NULL),
  ('1728012e-680c-55eb-abe7-6d77551a15ac', '0cfb1096-0d51-501c-8724-8c759c0f9217', 'aa000000-0000-0000-0000-000000000006', 1, 48.0, 'cancelado', '2025-01-16', 'dinheiro', '???'),
  ('1cb6cdb2-6687-5786-9470-15f3c545414f', '6056b09b-7ae1-5df8-99d4-34ac1307cf80', 'aa000000-0000-0000-0000-000000000012', 1, 95.0, 'pago', '2025-01-15', 'cartao', NULL),
  ('a5bd2104-9aa7-5d9f-ac55-e20e145e5a1b', '2c06c811-84b1-512f-8973-34f6d91f7201', 'aa000000-0000-0000-0000-000000000011', 1, 148.5, 'pendente', '2025-03-06', 'dinheiro', 'trocou de cor depois'),
  ('dcd02972-dfd0-5a5f-b538-0dbb68d8571c', '6cf3ade0-8811-5b39-b5cd-62a75d71c749', 'aa000000-0000-0000-0000-000000000009', 1, 89.9, 'cancelado', '2025-03-16', NULL, 'presente - embrulhar | devolvido'),
  ('a5c6b402-e424-502d-b40b-8fd350bd6e6e', '83cc9c70-5420-57b8-b554-edce65c5fb85', 'aa000000-0000-0000-0000-000000000001', 1, 49.5, 'pendente', '2025-02-27', 'dinheiro', NULL),
  ('4d4e6231-d9cc-5f74-a6f7-e5b01ffb6755', '1f46cf9e-5765-5b1e-ae9a-843ca3f82707', 'aa000000-0000-0000-0000-000000000005', 1, 28.0, 'pago', '2025-03-19', 'cartao', 'presente - embrulhar'),
  ('c5d0b012-4f38-56ff-b17e-16b08e192225', '1170357d-6edb-5757-a923-55e37985e3b9', 'aa000000-0000-0000-0000-000000000001', 1, 55.0, 'pago', '2025-03-31', 'pix', 'mandou msg no zap'),
  ('66c3fb85-7ad0-5bad-8868-933b6c7b1eb6', '8601af2f-bc33-5bb4-a405-5d2bec1f3fbf', 'aa000000-0000-0000-0000-000000000007', 1, 35.0, 'pendente', '2025-01-10', 'cartao', '2a compra'),
  ('828f8809-9bea-5507-8089-0883979ca6b0', '6cf3ade0-8811-5b39-b5cd-62a75d71c749', 'aa000000-0000-0000-0000-000000000004', 1, 78.0, 'enviado', '2025-01-18', 'cartao', NULL),
  ('63cae970-4b3d-5679-9c30-315f7ba59ee2', 'f60ece4a-370a-5670-ad12-3bf46cabe078', 'aa000000-0000-0000-0000-000000000004', 2, 156.0, 'pago', '2025-04-02', 'pix', NULL),
  ('91779124-271a-5922-98c8-c93408721630', '954fff78-07db-51b8-bf36-9712c862b7a2', 'aa000000-0000-0000-0000-000000000011', 2, 297.0, 'pago', '2025-01-30', 'pix', 'ligar segunda'),
  ('5f753126-7a59-5ad5-86ea-908a5782b85a', '7ad29784-fb9d-59f2-acac-387595f8e5fd', 'aa000000-0000-0000-0000-000000000013', 1, 55.0, 'pago', '2025-03-28', 'pix', 'reclamou da demora'),
  ('1399e056-0a4d-5193-b222-03b0a688cddc', '86750dc1-3fe8-50a4-8855-d71a81f07f19', 'aa000000-0000-0000-0000-000000000011', 1, 165.0, 'enviado', '2025-03-02', 'cartao', NULL),
  ('a88ccd24-bb2a-586b-a344-28c9a186f1e4', '1f46cf9e-5765-5b1e-ae9a-843ca3f82707', 'aa000000-0000-0000-0000-000000000004', 2, 156.0, 'pendente', '2025-01-15', 'transferencia', 'frete grátis combinado');
